329471ce-52b4-4b19-b3d0-47e05b411e74,2023-01-12-11-47-00,2023-01-12-11-47-00,True,2023-01-12 11:47:01.878288,,,Pipeline has been started,experiment.csv,,,2023-01-12 11:47:01.879617
6dd8fd76-8269-4733-8209-1998ed42b93b,2023-01-12-11-49-16,2023-01-12-11-49-16,True,2023-01-12 11:49:18.062658,,,Pipeline has been started,experiment.csv,,,2023-01-12 11:49:18.062658
128809ad-b960-49bc-baa6-5fd05ec92d3f,2023-01-12-11-51-43,2023-01-12-11-51-43,True,2023-01-12 11:51:44.402051,,,Pipeline has been started,experiment.csv,,,2023-01-12 11:51:44.403051
855ae409-5eec-478b-805e-cbfbbcc1068a,2023-01-12-11-53-37,2023-01-12-11-53-37,True,2023-01-12 11:53:38.450269,,,Pipeline has been started,experiment.csv,,,2023-01-12 11:53:38.451274
92a96774-5140-4c68-a96d-24cbf51f5c37,2023-01-12-12-34-07,2023-01-12-12-34-07,True,2023-01-12 12:34:09.168894,,,Pipeline has been started,experiment.csv,,,2023-01-12 12:34:09.168894
1b719777-376a-46a2-a172-7a6e50c7a7d4,2023-01-12-12-39-45,2023-01-12-12-39-45,True,2023-01-12 12:39:47.096032,,,Pipeline has been started,experiment.csv,,,2023-01-12 12:39:47.096032
1400701b-b145-41b3-b976-9aec54f00a7c,2023-01-12-12-41-07,2023-01-12-12-41-07,True,2023-01-12 12:41:08.476188,,,Pipeline has been started,experiment.csv,,,2023-01-12 12:41:08.476188
b245bc32-7af5-4cdc-a259-ee99839da00e,2023-01-12-12-44-09,2023-01-12-12-44-09,True,2023-01-12 12:44:11.084217,,,Pipeline has been started,experiment.csv,,,2023-01-12 12:44:11.084217
c7008c90-3d68-4b41-bc9b-06b499f3b2be,2023-01-12-12-45-22,2023-01-12-12-45-22,True,2023-01-12 12:45:24.003509,,,Pipeline has been started,experiment.csv,,,2023-01-12 12:45:24.003509
a5398995-c3b9-4afe-baac-e103316906c8,2023-01-12-12-47-02,2023-01-12-12-47-02,True,2023-01-12 12:47:03.427238,,,Pipeline has been started,experiment.csv,,,2023-01-12 12:47:03.427238
08f93681-c204-4bef-ab06-fd39ccd64884,2023-01-12-12-48-47,2023-01-12-12-48-47,True,2023-01-12 12:48:48.808398,,,Pipeline has been started,experiment.csv,,,2023-01-12 12:48:48.808398
5d073ae1-a65f-4562-99a9-1a82557398b8,2023-01-12-12-49-25,2023-01-12-12-49-25,True,2023-01-12 12:49:26.322972,,,Pipeline has been started,experiment.csv,,,2023-01-12 12:49:26.322972
f9d3c5a2-991d-49d9-bd59-c6a0561cf444,2023-01-12-23-46-49,2023-01-12-23-46-49,True,2023-01-12 23:46:54.524765,,,Pipeline has been started,experiment.csv,,,2023-01-12 23:46:54.524765
215074ed-18d7-4fe6-8f84-069d80f16105,2023-01-13-00-19-19,2023-01-13-00-19-19,True,2023-01-13 00:19:21.207168,,,Pipeline has been started,experiment.csv,,,2023-01-13 00:19:21.213680
660b832d-27d8-4928-9cf0-2808cd817be3,2023-01-13-12-46-20,2023-01-13-12-46-20,True,2023-01-13 12:46:30.268036,,,Pipeline has been started,experiment.csv,,,2023-01-13 12:46:30.268036
90842784-cabb-478f-b255-225e4366300b,2023-01-13-14-50-21,2023-01-13-14-50-21,True,2023-01-13 14:50:22.609422,,,Pipeline has been started,experiment.csv,,,2023-01-13 14:50:22.611129
79439bf8-7f16-4d8c-80b7-092c9a622e0b,2023-01-16-15-56-14,2023-01-16-15-56-14,True,2023-01-16 15:56:16.697529,,,Pipeline has been started,experiment.csv,,,2023-01-16 15:56:16.697529
0ed02706-7959-44cc-a708-a66786a01eff,2023-01-16-16-27-00,2023-01-16-16-27-00,True,2023-01-16 16:27:01.375930,,,Pipeline has been started,experiment.csv,,,2023-01-16 16:27:01.376928
